-80.11367302,222,1,16.81247093,0.816176471,0.578125,78.591
76.04294635,73,1,9.64087583,0.858823529,0.608333333,39.217
85.32474176,256,1,18.05406667,0.752941176,0.562637363,89.111
63.52347682,126,1,12.66602474,0.881118881,0.646153846,43.832
-52.87498273,225,1,16.92568751,0.72815534,0.252525253,90.072
80.28062269,233,1,17.22396046,0.732704403,0.524774775,88.623
-0.636865404,288,1,19.14922946,0.842105263,0.738461538,87.192
77.95412258,263,-1,18.19456737,0.638820639,0.465949821,99.788
-48.14930676,232,0,17.14987857,0.868421053,0.316872428,80.958
-88.94411833,100,1,11.28379167,0.757575758,0.584795322,48.141
-82.03480873,74,1,9.70668462,0.913580247,0.813186813,31.534
-88.67508002,103,0,11.39607097,0.842975207,0.713286713,43.435
89.02790309,425,0,23.23474913,0.542893726,0.422731805,200.18
-37.5776045,194,1,15.71650316,0.788617886,0.28115942,80.85
67.69716173,208,1,16.27371578,0.8125,0.481481481,70.892
88.61095402,195,1,15.75695755,0.691489362,0.528455285,97.059
-67.21019601,262,-3,17.84124116,0.444049734,0.227272727,139.94
84.6336732,261,1,18.22952334,0.659090909,0.466905188,102.856
-33.97767167,369,0,21.49851052,0.610084034,0.255813953,141.272
-85.04008026,187,1,15.43035304,0.619205298,0.502688172,82.486
-35.88694669,126,1,12.66602474,0.947368421,0.646153846,41.566
-4.433038192,235,0,17.22396046,0.920948617,0.792517007,57.279
-87.07896058,207,1,16.23454914,0.892241379,0.834677419,69.353
-88.26698234,135,1,13.11058117,0.767045455,0.613636364,58.123
62.91265865,141,1,13.39876023,0.815028902,0.530075188,56.361
23.18318081,84,1,10.34176589,0.857142857,0.466666667,42.633
29.25175606,181,1,15.1807891,0.819004525,0.425882353,64.036
-72.13931911,152,1,13.91159268,0.737864078,0.508361204,71.967
-81.49049539,642,-1,27.03404333,0.595435685,0.372485399,220.632
-76.53846794,151,1,13.86575534,0.747524752,0.473354232,70.015
44.14275117,97,1,11.11324596,0.889908257,0.573964497,39.705
74.5074773,470,1,24.46267741,0.804794521,0.283816425,149.673
-87.84616774,487,-6,23.61522646,0.588709677,0.470461869,180.638
38.73811932,165,1,14.49429284,0.739910314,0.357142857,70.165
44.04076952,143,1,13.4934523,0.817142857,0.34047619,61.638
-83.33822255,314,1,19.99492978,0.742316785,0.498412698,117.42
75.78868546,156,1,14.09345128,0.866666667,0.644628099,55.617
-67.04698853,83,1,10.28002345,0.93258427,0.709401709,34.255
83.53903406,160,1,14.27299293,0.87431694,0.695652174,57.37
74.28723723,140,1,13.35116236,0.721649485,0.432098765,64.342
88.14361276,136,1,13.15904928,0.937931034,0.697435897,42.236
67.57566833,162,-2,13.95727948,0.711627907,0.566666667,62.167
72.85822004,171,1,14.75547228,0.721518987,0.478991597,88.301
74.35988755,228,0,17.00074636,0.732258065,0.369105691,92.709
34.99397222,85,1,10.4031419,0.801886792,0.435897436,45.155
78.88829408,108,1,11.72646029,0.824427481,0.545454545,50.547
81.77120674,262,1,18.26441241,0.623809524,0.396969697,98.506
-46.65017903,292,-1,19.18244584,0.625541126,0.25,115.544
-83.73107873,83,1,10.28002345,0.954022989,0.79047619,33.312
20.92782042,76,1,9.836981519,0.506666667,0.316666667,57.321
-75.07080797,76,-1,9.70668462,0.725490196,0.474358974,41.591
-11.1363621,74,1,9.70668462,0.902439024,0.704761905,34.42
-47.00998526,322,1,20.24804024,0.638888889,0.255961844,124.029
8.411001663,184,1,15.30607971,0.844036697,0.593548387,71.975
6.448917268,172,1,14.79855404,0.666666667,0.539184953,74.233
34.51157164,96,1,11.05581278,0.96,0.671328671,35.016
1.855342949,515,1,25.60699837,0.466908432,0.329283887,232.351
26.53905737,114,1,12.04779267,0.838235294,0.461538462,47.479
-71.82096615,235,1,17.29772508,0.66011236,0.281100478,108.364
-63.07548401,86,1,10.46415791,0.895833333,0.558441558,35.893
-86.6371974,121,1,12.41217084,0.896296296,0.672222222,42.236
-69.73656255,150,1,13.81976598,0.833333333,0.549450549,53.947
-72.22121952,331,1,20.52905963,0.691022965,0.243920413,138.518
89.14964496,159,1,14.22831992,0.779411765,0.531772575,59.537
81.81271126,238,1,17.40778595,0.884758364,0.708333333,62.655
67.44398736,82,1,10.21790794,0.942528736,0.700854701,32.477
-68.76216524,136,1,13.15904928,0.944444444,0.708333333,41.748
-86.24047239,106,1,11.61737456,0.954954955,0.796992481,40.598
82.41926665,72,1,9.57461473,0.765957447,0.666666667,43.989
2.433254633,197,0,15.71650316,0.587878788,0.401656315,115.726
73.43269689,334,1,20.62188177,0.748878924,0.390643275,116.031
-64.97275492,164,0,14.22831992,0.528239203,0.311764706,118.669
-73.0221504,491,0,24.97773763,0.75617284,0.385220126,142.264
-76.67027433,312,-1,19.54410048,0.60362173,0.350877193,131.562
-69.56737881,311,1,19.89918336,0.70045045,0.34440753,115.262
-41.01276218,105,1,11.56244577,0.921052632,0.673076923,37.447
53.80908668,323,1,20.27945692,0.638339921,0.238728751,110.358
-85.7897362,229,1,17.07547527,0.797909408,0.562653563,81.999
-67.5187537,220,1,16.73656774,0.866141732,0.417457306,74.374
-64.29914799,209,1,16.31278838,0.800766284,0.407407407,69.776
88.93536948,222,1,16.81247093,0.755102041,0.611570248,79.063
83.30209002,72,1,9.57461473,0.808988764,0.605042017,39.68
-86.60273253,230,1,17.11271736,0.877862595,0.741935484,72.728
76.61320027,102,1,11.39607097,0.829268293,0.492753623,51.862
52.80090395,143,1,13.4934523,0.790055249,0.378306878,58.545
-63.99913332,105,1,11.56244577,0.795454545,0.403846154,53.566
54.3956616,175,1,14.9270533,0.76754386,0.274294671,74.953
84.891351,305,0,19.67396304,0.839779006,0.67405765,95.173
87.99161714,229,1,17.07547527,0.704615385,0.578282828,82.346
-89.03237844,165,1,14.49429284,0.825,0.652173913,60.298
31.15436092,190,1,15.55363345,0.826086957,0.37037037,69.991
-69.79733561,138,1,13.25545387,0.92,0.660287081,46.503
-63.24082576,146,1,13.63425735,0.874251497,0.54887218,51.226
80.47250936,77,1,9.901487007,0.827956989,0.647058824,42.236
-57.82951121,171,1,14.75547228,0.814285714,0.36,67.063
69.51683647,143,1,13.4934523,0.851190476,0.541666667,53.384
89.76018268,115,0,11.94164264,0.888888889,0.811594203,50.853
27.39882683,197,1,15.83755632,0.781746032,0.328333333,79.237
-71.35569388,235,1,17.29772508,0.802047782,0.376602564,85.563
-51.50930226,177,1,15.01210843,0.830985915,0.372631579,67.435
-53.89594493,841,-15,29.51094456,0.675889328,0.42014742,205.547
7.956214592,121,1,12.41217084,0.780645161,0.560185185,58.652
-77.52414583,823,-12,30.40348515,0.611111111,0.366666667,210.791
-63.44103943,113,1,11.99483508,0.837037037,0.470833333,49.348
63.92571241,196,1,15.79730834,0.844827586,0.397565923,69.395
-13.93679647,84,1,10.34176589,0.785046729,0.6,41.665
59.72317014,97,1,11.11324596,0.808333333,0.538888889,43.824
28.62483637,71,1,9.507891863,0.934210526,0.657407407,30.616
-0.479066097,121,1,12.41217084,0.883211679,0.823129252,51.068
6.548543411,206,1,16.19528778,0.844262295,0.635802469,66.368
-33.91446153,80,1,10.09253009,0.808080808,0.484848485,41.111
-12.15970581,79,1,10.02925341,0.887640449,0.658333333,35.181
-13.29242244,98,1,11.17038385,0.837606838,0.573099415,43.435
-39.03234352,86,1,10.46415791,0.914893617,0.551282051,34.214
71.81446463,162,1,14.36192209,0.920454545,0.675,46.255
36.62438017,143,1,13.4934523,0.733333333,0.470394737,63.714
-77.92640566,85,1,10.4031419,0.913978495,0.625,37.075
-86.63763769,112,1,11.94164264,0.835820896,0.666666667,47.396
13.15797033,100,1,11.28379167,0.869565217,0.555555556,43.435
-79.31053173,253,1,17.94796938,0.764350453,0.452593918,98.15
73.6028241,74,1,9.70668462,0.787234043,0.513888889,39.077
-65.43333242,82,1,10.21790794,0.921348315,0.650793651,33.337
-47.79422558,74,1,9.70668462,0.762886598,0.474358974,36.728
84.51529834,318,1,20.12188299,0.685344828,0.463556851,116.676
-72.33468817,459,1,24.17471719,0.747557003,0.311186441,135.482
-55.57731052,286,1,19.08262324,0.666666667,0.333333333,114.12
-26.70061531,301,0,19.51149979,0.600401606,0.270099368,124.83
76.44035536,173,1,14.84151075,0.950549451,0.726890756,47.934
-42.00067091,205,1,16.15593101,0.836734694,0.316358025,74.027
-15.1964471,94,1,10.94004192,0.854545455,0.522222222,44.568
-27.42518916,1159,-25,35.61104585,0.544262295,0.342975207,361.103
-71.47115334,257,1,18.08929415,0.911347518,0.594907407,65.004
-60.06271106,443,1,23.74963407,0.693270736,0.201730419,156.514
26.25299792,187,1,15.43035304,0.769547325,0.47826087,70.644
76.07681128,110,1,11.83454055,0.887096774,0.582010582,46.156
-88.06184642,317,1,20.0902199,0.652263374,0.462099125,109.249
-9.427119733,318,-6,19.01578373,0.60554371,0.43625192,150.617
-47.03126131,195,1,15.75695755,0.77689243,0.35326087,70.057
-54.20371874,209,1,16.31278838,0.832669323,0.368606702,71.926
38.77966561,113,1,11.99483508,0.824817518,0.579487179,50.779
-8.414356346,125,1,12.61566261,0.644329897,0.437062937,70.702
-22.08693721,85,0,10.34176589,0.923076923,0.646153846,35.082
60.26612286,1074,-14,34.05761626,0.546490702,0.404170364,346.001
60.153436,519,1,25.70625067,0.710958904,0.290756303,132.629
-1.365220146,350,0,21.04964041,0.677042802,0.524886878,114.277
11.62510342,130,1,12.86550197,0.849673203,0.622009569,48.19
-60.3761621,97,1,11.11324596,0.850877193,0.497435897,41.475
-30.00973686,346,-4,20.12188299,0.612716763,0.395031056,142.049
67.62636791,114,1,12.04779267,0.609625668,0.407142857,66.319
29.35597426,98,1,11.17038385,0.796747967,0.593939394,47.38
1.342465221,171,1,14.75547228,0.855,0.678571429,61.745
32.73234438,675,-5,28.87857167,0.547658863,0.28540305,216.225
26.8311153,121,0,12.30916349,0.577669903,0.367283951,90.294
-47.63192355,150,1,13.81976598,0.842696629,0.464396285,54.484
-60.34028323,451,-4,23.56124873,0.545682103,0.35620915,140.478
68.96577645,98,1,11.17038385,0.715328467,0.443438914,51.722
55.86027589,148,0,13.68087033,0.807692308,0.455108359,56.56
65.30370685,195,1,15.75695755,0.789473684,0.409663866,71.496
56.79353995,202,1,16.03728119,0.834710744,0.425263158,67.708
22.58049383,85,1,10.4031419,0.841584158,0.551948052,38.506
82.05967352,616,-4,26.51090773,0.563265306,0.400580552,250.026
62.31260763,314,-1,19.80297401,0.555956679,0.329059829,161.535
13.46668523,108,0,11.67204486,0.690322581,0.511961722,58.437
89.56000477,234,1,17.26088218,0.67826087,0.544186047,105.097
21.68966484,943,1,34.65061169,0.470089731,0.119837336,367.239
-65.19586659,72,0,9.507891863,0.596638655,0.379679144,65.848
-63.1662885,244,1,17.62584605,0.827118644,0.331972789,84.687
20.11305924,404,1,22.68014057,0.711267606,0.330065359,133.779
0.711550026,152,1,13.91159268,0.795811518,0.556776557,62.192
49.96981401,163,1,14.40618082,0.705627706,0.295289855,75.607
3.656159688,107,1,11.67204486,0.963963964,0.792592593,36.769
17.55230114,121,1,12.41217084,0.806666667,0.489878543,48.488
8.979310246,255,0,17.94796938,0.691256831,0.516326531,99.863
16.28515922,133,1,13.01310338,0.782352941,0.481884058,55.964
5.579603802,219,1,16.69848677,0.901234568,0.755172414,71.289
-25.81021349,154,1,14.00281721,0.806282723,0.592307692,58.313
-43.89224278,204,1,16.11647812,0.86440678,0.354782609,71.736
-44.73386636,524,-3,24.27982515,0.518477044,0.275595238,172.723
14.0531961,91,1,10.76405122,0.858490566,0.594771242,43.137
-87.32038897,90,1,10.7047447,0.882352941,0.703125,37.993
-0.464269644,200,1,15.95769122,0.796812749,0.586510264,72.273
-83.6026929,223,1,16.85029431,0.77972028,0.675757576,80.874
83.19242839,254,-1,17.91246396,0.709859155,0.541935484,102.567
-81.99468794,161,1,14.31752656,0.825641026,0.577060932,71.115
-56.86548492,451,-7,22.79214194,0.626728111,0.439655172,159.292
29.76971409,367,1,21.6166351,0.680890538,0.292663477,108.762
-12.25652952,83,1,10.28002345,0.873684211,0.614814815,36.124
-15.19882764,98,1,11.17038385,0.867256637,0.640522876,43.162
13.83480343,225,1,16.92568751,0.723472669,0.401785714,93.908
19.85765612,207,1,16.23454914,0.766666667,0.41733871,76.723
-71.13137495,103,1,11.45179781,0.858333333,0.624242424,41.293
-4.668269862,93,1,10.88169461,0.853211009,0.664285714,41.202
-70.13315124,90,1,10.7047447,0.841121495,0.481283422,41.616
1.767991601,208,1,16.27371578,0.842105263,0.679738562,75.234
8.03048532,86,1,10.46415791,0.704918033,0.455026455,51.987
4.841251246,103,1,11.45179781,0.792307692,0.542105263,47.181
-43.07354629,76,1,9.836981519,0.926829268,0.575757576,33.999
40.86366559,79,1,10.02925341,0.774509804,0.434065934,40.21
-89.0112287,109,1,11.78062436,0.908333333,0.712418301,40.896
56.56253317,193,1,15.67594438,0.768924303,0.483709273,81.66
23.35151474,154,1,14.00281721,0.806282723,0.488888889,57.883
76.74323008,79,1,10.02925341,0.94047619,0.675213675,31.749
61.31013368,88,1,10.58513486,0.814814815,0.470588235,41.781
1.94300047,90,1,10.7047447,0.873786408,0.782608696,50.448
-0.23581303,76,1,9.836981519,0.853932584,0.723809524,37.158
-13.85396871,694,-1,29.66156647,0.858385093,0.613132209,129.395
87.26951359,105,1,11.56244577,0.92920354,0.636363636,37.373
31.98544015,88,1,10.58513486,0.897959184,0.458333333,38.432
-54.58673926,71,1,9.507891863,0.922077922,0.496503497,32.8
-55.30664015,123,1,12.51433035,0.86013986,0.549107143,43.195
-40.50129908,258,1,18.12445317,0.80625,0.184285714,109.557
-17.36666936,124,1,12.56509863,0.885714286,0.635897436,42.443
-87.67959265,76,1,9.836981519,0.584615385,0.447058824,74.101
4.360192344,135,1,13.11058117,0.85443038,0.610859729,47.917
41.51502464,248,1,17.76973289,0.779874214,0.295238095,87.309
-66.92584809,204,1,16.11647812,0.836065574,0.51,66.939
-46.99761558,141,1,13.39876023,0.898089172,0.5875,46.255
-26.65801014,113,1,11.99483508,0.779310345,0.474789916,56.395
30.91585791,98,1,11.17038385,0.890909091,0.685314685,38.316
21.20076862,177,1,15.01210843,0.830985915,0.469496021,67.981
-3.530782121,111,1,11.88821221,0.74,0.536231884,55.493
-63.41614005,242,0,17.33448968,0.789297659,0.354887218,85.588
76.33295268,131,1,12.91488987,0.867549669,0.623809524,51.374
-43.46042553,245,1,17.66192765,0.884476534,0.39452496,75.962
-15.63384032,77,0,9.70668462,0.725490196,0.435294118,44.998
62.02171465,292,1,19.28175166,0.793478261,0.315675676,93.189
60.86371472,427,1,23.31680265,0.743902439,0.234615385,131.819
58.17955042,210,1,16.35176762,0.826771654,0.409356725,68.75
-10.41378948,324,1,20.31082501,0.613636364,0.40754717,146.2
-13.14845611,356,1,21.29021554,0.74012474,0.346978558,127.989
56.56253317,193,1,15.67594438,0.768924303,0.483709273,81.66
23.35151474,154,1,14.00281721,0.806282723,0.488888889,57.883
76.74323008,79,1,10.02925341,0.94047619,0.675213675,31.749
61.31013368,88,1,10.58513486,0.814814815,0.470588235,41.781
1.94300047,90,1,10.7047447,0.873786408,0.782608696,50.448
-0.23581303,76,1,9.836981519,0.853932584,0.723809524,37.158
-13.85396871,694,-1,29.66156647,0.858385093,0.613132209,129.395
87.26951359,105,1,11.56244577,0.92920354,0.636363636,37.373
31.98544015,88,1,10.58513486,0.897959184,0.458333333,38.432
-54.58673926,71,1,9.507891863,0.922077922,0.496503497,32.8
-55.30664015,123,1,12.51433035,0.86013986,0.549107143,43.195
-40.50129908,258,1,18.12445317,0.80625,0.184285714,109.557
-17.36666936,124,1,12.56509863,0.885714286,0.635897436,42.443
-87.67959265,76,1,9.836981519,0.584615385,0.447058824,74.101
4.360192344,135,1,13.11058117,0.85443038,0.610859729,47.917
41.51502464,248,1,17.76973289,0.779874214,0.295238095,87.309
-66.92584809,204,1,16.11647812,0.836065574,0.51,66.939
-46.99761558,141,1,13.39876023,0.898089172,0.5875,46.255
-26.65801014,113,1,11.99483508,0.779310345,0.474789916,56.395
30.91585791,98,1,11.17038385,0.890909091,0.685314685,38.316
21.20076862,177,1,15.01210843,0.830985915,0.469496021,67.981
-3.530782121,111,1,11.88821221,0.74,0.536231884,55.493
-63.41614005,242,0,17.33448968,0.789297659,0.354887218,85.588
76.33295268,131,1,12.91488987,0.867549669,0.623809524,51.374
-43.46042553,245,1,17.66192765,0.884476534,0.39452496,75.962
-15.63384032,77,0,9.70668462,0.725490196,0.435294118,44.998
62.02171465,292,1,19.28175166,0.793478261,0.315675676,93.189
60.86371472,427,1,23.31680265,0.743902439,0.234615385,131.819
58.17955042,210,1,16.35176762,0.826771654,0.409356725,68.75
-10.41378948,324,1,20.31082501,0.613636364,0.40754717,146.2
-13.14845611,356,1,21.29021554,0.74012474,0.346978558,127.989
36.53795073,227,1,17.00074636,0.847014925,0.262731481,85.184
24.30478344,201,0,15.917747,0.825726141,0.433551198,69.329
-83.87065226,162,1,14.36192209,0.778846154,0.6,65.723
-55.60008516,192,1,15.63528038,0.927536232,0.537815126,56.023
87.27594777,692,-1,29.64009592,0.858208955,0.734042553,119.694
79.46541861,340,1,20.80628379,0.655105973,0.372807018,125.607
-65.14443144,100,1,11.28379167,0.970873786,0.769230769,34.528
-88.12457194,113,0,11.94164264,0.49122807,0.361290323,95.413
-20.93300753,86,1,10.46415791,0.914893617,0.637037037,35.942
-83.50309134,182,0,15.09668435,0.688461538,0.532738095,93.876
-15.00976873,262,0,18.1595441,0.748554913,0.354309166,103.708
-42.66702061,142,1,13.44618962,0.845238095,0.338095238,57.834
17.13489011,154,1,14.00281721,0.860335196,0.518518519,60.554
5.296301829,284,1,19.01578373,0.816091954,0.631111111,98.679
-19.20586323,210,1,16.35176762,0.760869565,0.398481973,77.69
51.92303351,233,1,17.22396046,0.838129496,0.375201288,74.184
-86.27259174,93,1,10.88169461,0.61589404,0.430555556,77.715
41.25124664,261,1,18.22952334,0.808049536,0.290322581,86.317
-50.13295076,91,1,10.76405122,0.93814433,0.583333333,36.058
37.06109487,76,1,9.836981519,0.863636364,0.452380952,36.819
-1.997485086,284,-5,18.6779987,0.632794457,0.372789116,153.007
-35.06614552,616,-1,27.93735565,0.592270531,0.155111336,195.468
-53.89726372,264,1,18.33399138,0.653465347,0.201219512,110.772
-87.42222392,79,1,10.02925341,0.759615385,0.663865546,54.335
56.79540442,116,0,12.10051849,0.552884615,0.307486631,97.928
58.26173646,200,1,15.95769122,0.966183575,0.784313725,48.951
33.04335677,130,0,12.76615297,0.547008547,0.263374486,94.14
77.52881841,273,1,18.6438836,0.680798005,0.343396226,112.598
76.708494,835,-1,32.56698544,0.506999391,0.268363402,367.321
86.74192215,78,1,9.96557497,0.742857143,0.557142857,45.974
61.12842706,241,1,17.51715531,0.800664452,0.291062802,85.556
37.78442111,226,1,16.96325845,0.92244898,0.56641604,58.727
16.57408669,173,1,14.84151075,0.800925926,0.429280397,74.531
79.00515294,371,-1,21.32009656,0.903797468,0.724137931,74.828
44.92655872,137,1,13.20733954,0.60619469,0.380555556,75.681
81.687555,98,0,11.11324596,0.763779528,0.570588235,47.38
51.26207121,254,1,17.98340469,0.758208955,0.234101382,95.604
18.34657242,377,1,21.90916038,0.75249501,0.264375877,140.866
84.76044252,291,1,19.24870665,0.848396501,0.591463415,93.651
12.20934608,1033,-11,33.90774703,0.587508133,0.412328767,233.501
40.78720938,156,1,14.09345128,0.906976744,0.43697479,56.759
-22.00626943,168,1,14.62546558,0.923076923,0.680161943,52.805
6.600623219,795,-3,31.65500785,0.712217195,0.543133195,209.931
53.11335275,873,-2,33.28240382,0.409219191,0.207142857,437.768
27.80640407,256,1,18.05406667,0.820512821,0.309178744,86.399
-81.05843066,195,1,15.75695755,0.906976744,0.722222222,57.122
-25.84580799,335,1,20.65272978,0.747767857,0.253212396,116.891
36.71013759,188,1,15.47155566,0.824561404,0.45410628,64.524
68.66278685,196,1,15.79730834,0.657718121,0.303405573,88.648
-36.64645287,134,1,13.0619332,0.770114943,0.525490196,56.998
72.95942022,499,-1,25.02866069,0.50984456,0.279545455,228.821
64.96680255,189,1,15.51264884,0.762096774,0.328125,76.152
79.03198701,254,1,17.98340469,0.755952381,0.431972789,94.164
29.20929906,137,1,13.20733954,0.820359281,0.376373626,60.108
71.61340526,336,1,20.68353178,0.705882353,0.27768595,121.902
2.234008376,167,1,14.58187244,0.907608696,0.742222222,55.815
-35.96744485,317,1,20.0902199,0.776960784,0.213037634,120.258
-17.09993773,225,0,16.77456227,0.756849315,0.393939394,80.808
73.8854011,391,1,22.31225363,0.890660592,0.623604466,87.664
40.9752988,176,1,14.96964127,0.818604651,0.419047619,62.283
-56.98744415,268,1,18.47236309,0.781341108,0.28972973,92.544
-60.38923806,671,0,29.16374489,0.592198582,0.142887701,218.202
-70.97894543,224,1,16.88803298,0.811594203,0.48172043,75.937
-18.26669124,106,1,11.61737456,0.85483871,0.507177033,44.568
-31.79726415,283,1,18.98227571,0.783933518,0.299470899,91.163
39.30438749,298,1,19.47884453,0.752525253,0.244062244,103.089
-15.26119871,146,1,13.63425735,0.715686275,0.428152493,70.644
-37.22639,287,1,19.11595536,0.788461538,0.245299145,99.343
-60.36118872,256,1,18.05406667,0.649746193,0.252465483,103.584
-31.18070385,126,1,12.66602474,0.947368421,0.692307692,39.234
3.248089529,177,1,15.01210843,0.917098446,0.769565217,54.806
0.233476394,97,1,11.11324596,0.740458015,0.687943262,94.486
14.71421627,363,1,21.49851052,0.70212766,0.38990333,112.309
-79.882743,207,1,16.23454914,0.888412017,0.657142857,60.298
-56.47506296,321,1,20.21657473,0.736238532,0.29916123,104.61
66.2337087,80,1,10.09253009,0.975609756,0.683760684,30.906
-37.72334826,206,1,16.19528778,0.777358491,0.392380952,69.412
-88.69127554,264,1,18.33399138,0.631578947,0.511627907,100.656
-47.73941665,274,1,18.6779987,0.721052632,0.267839687,98.25
70.81029738,285,-1,18.81384048,0.735449735,0.52952381,97.497
-8.892357201,240,1,17.48077489,0.789473684,0.487804878,93.693
26.50656347,216,1,16.58371917,0.888888889,0.36302521,78.013
-62.97748451,197,1,15.83755632,0.871681416,0.503836317,59.595
41.01027311,185,1,15.34761596,0.737051793,0.335144928,71.753
-68.55524265,117,1,12.20528684,0.893129771,0.462450593,50.655
18.49335268,92,1,10.82303276,0.807017544,0.541176471,42.608
86.7250278,104,1,11.50725478,0.896551724,0.781954887,43.848
9.975336688,550,-1,26.36643304,0.8736,0.65,114.542
27.40206338,201,1,15.9975357,0.78515625,0.391812865,69.66
85.53606616,217,1,16.62206309,0.907949791,0.678125,72.984
55.11295798,115,1,12.10051849,0.8984375,0.58974359,40.747
4.206963324,123,1,12.51433035,0.679558011,0.492,68.585
-37.49363885,158,1,14.1835062,0.897727273,0.442577031,55.725
80.07151451,143,1,13.4934523,0.777173913,0.52,58.702
51.06891112,131,1,12.91488987,0.803680982,0.366946779,54.724
35.25612193,184,1,15.30607971,0.836363636,0.421052632,62.283
-56.31149534,228,0,16.85029431,0.582245431,0.334332834,102.41
41.38894579,92,1,10.82303276,0.978723404,0.760330579,32.014
-31.01080511,118,1,12.2573352,0.825174825,0.578431373,46.156
-65.98520633,129,1,12.81592374,0.87755102,0.565789474,47.272
-50.82745492,265,1,18.36868203,0.722070845,0.276907001,92.362
14.45354416,335,1,20.65272978,0.715811966,0.316037736,121.803
-53.10546206,314,1,19.99492978,0.771498771,0.268376068,103.155
6.812684168,117,1,12.20528684,0.829787234,0.557142857,48.323
-23.41232349,123,1,12.51433035,0.86013986,0.569444444,47.479
-25.73964986,342,1,20.86738901,0.616216216,0.313186813,152.222
23.40082352,123,1,12.51433035,0.76875,0.455555556,51.995
-22.33503671,72,1,9.57461473,0.857142857,0.533333333,35.686
10.73058244,86,1,10.46415791,0.924731183,0.735042735,33.039
7.567559115,93,1,10.88169461,0.853211009,0.65034965,38.456
-26.02888606,124,1,12.56509863,0.832214765,0.466165414,50.729
-40.15743489,154,1,14.00281721,0.777777778,0.334782609,69.983
47.32984462,456,1,24.09558533,0.539007092,0.143396226,179.125
-6.827761497,117,1,12.20528684,0.785234899,0.573529412,48.769
3.944696172,306,1,19.73857393,0.763092269,0.567717996,109.72
-64.51993979,88,1,10.58513486,0.47311828,0.323529412,61.216
47.65256385,328,1,20.43581588,0.635658915,0.177393186,127.536
60.89096964,306,1,19.73857393,0.641509434,0.208163265,120.274
52.97733305,130,1,12.86550197,0.948905109,0.769230769,42.782
15.43809423,382,1,22.05396804,0.535764376,0.21116639,153.13
86.86036013,282,1,18.94870844,0.570850202,0.400568182,105.569
6.854998311,101,1,11.34007028,0.808,0.573863636,51.399
57.2064657,108,1,11.72646029,0.915254237,0.553846154,40.466
-81.49697109,194,0,15.63528038,0.774193548,0.596273292,71.554
34.77910655,338,1,20.74499858,0.723768737,0.481481481,163.626
-14.24469418,156,1,14.09345128,0.795918367,0.5,58.71
-23.45936231,303,1,19.64157789,0.784974093,0.268855368,109.944
-67.95619479,80,1,10.09253009,0.39408867,0.261437908,68.097
-50.62573564,70,1,9.440697439,0.7,0.259259259,50.06
-59.27558933,73,1,9.64087583,0.973333333,0.811111111,28.739
36.05650637,120,1,12.36077446,0.902255639,0.512820513,45.412
-48.05357939,345,1,20.95871282,0.773542601,0.211138311,126.866
38.12447204,214,1,16.50676415,0.816793893,0.335423197,78.402
-37.09079817,109,1,11.78062436,0.480176211,0.31871345,70.793
36.55168527,163,1,14.40618082,0.810945274,0.383529412,64.127
59.94636769,125,1,12.61566261,0.833333333,0.396825397,53.492
-45.66468577,417,-2,22.90359562,0.653968254,0.336326531,172.277
17.53579598,283,1,18.98227571,0.637387387,0.328687573,101.169
-28.62322114,185,-1,14.9270533,0.553797468,0.347222222,110.887
-16.07140262,104,1,11.50725478,0.881355932,0.611764706,40.367
-61.97782382,150,1,13.81976598,0.769230769,0.352941176,62.837
-5.349616546,83,1,10.28002345,0.912087912,0.79047619,36.099
63.99379086,141,1,13.39876023,0.829411765,0.471571906,53.558
-21.17470987,94,1,10.94004192,0.930693069,0.671428571,35.115
-51.0618936,203,1,16.07692842,0.825203252,0.261935484,80.594
-56.30806939,112,1,11.94164264,0.861538462,0.662721893,43.088
-77.95268156,78,1,9.96557497,0.876404494,0.609375,36.513
10.34353633,88,1,10.58513486,0.956521739,0.752136752,33.056
-68.39523164,138,1,13.25545387,0.779661017,0.408284024,60.868
52.03092633,273,1,18.6438836,0.773371105,0.21875,103.089
-65.60239652,255,1,18.01877032,0.734870317,0.257836198,100.954
-50.59475582,225,1,16.92568751,0.914634146,0.592105263,57.519
-25.36585508,148,1,13.72732504,0.850574713,0.493333333,53.822
87.84357641,161,1,14.31752656,0.789215686,0.631372549,80.096
24.04333147,230,1,17.11271736,0.709876543,0.345864662,88.235
-28.02684447,232,1,17.18695943,0.814035088,0.331428571,85.266
-37.47995214,353,1,21.20031979,0.787946429,0.307759372,100.426
47.73618006,124,1,12.56509863,0.867132867,0.551111111,45.585
87.14312175,80,1,10.09253009,0.975609756,0.808080808,30.699
8.28838686,261,-4,16.35176762,0.588235294,0.448717949,114.749
-61.84554645,132,1,12.96408963,0.680412371,0.434210526,64.888
-35.28435726,332,1,20.56004691,0.670707071,0.223569024,120.043
26.87021006,307,1,19.77080019,0.67920354,0.327991453,97.316
-72.31043396,178,0,15.01210843,0.743697479,0.435960591,68.725
58.7691437,130,1,12.86550197,0.896551724,0.588235294,44.469
-69.19716074,70,1,9.440697439,0.864197531,0.578512397,32.022
27.0644936,127,1,12.71618741,0.907142857,0.610576923,41.5
52.1323279,192,-1,15.55363345,0.785123967,0.393374741,66.799
-0.752850809,235,1,17.29772508,0.860805861,0.791245791,74.183
4.790176716,349,0,21.04964041,0.698795181,0.469635628,126.864
6.089591728,355,1,21.26029253,0.620629371,0.487637363,140.312
52.64258598,422,1,23.17988542,0.814671815,0.220826792,128.198
-13.35579054,280,0,18.84764794,0.653395785,0.326315789,111.556
45.52109805,138,1,13.25545387,0.807017544,0.328571429,62.283
83.21483847,112,0,11.83454055,0.632183908,0.413533835,66.021
-61.55385667,148,1,13.72732504,0.90797546,0.459627329,53.963
-33.80267026,458,1,24.14836871,0.64964539,0.208846329,155.687
17.83630165,233,0,17.07547527,0.835766423,0.424074074,80.32
-64.60123551,403,1,22.65205369,0.6096823,0.272481406,134.407
23.4757255,112,1,11.94164264,0.918032787,0.598930481,40.929
-40.86550203,325,1,20.34214473,0.651302605,0.195195195,122.251
19.61329434,255,1,18.01877032,0.698630137,0.340909091,98.44
38.14085677,109,1,11.78062436,0.956140351,0.644970414,38.2
-22.96446111,157,1,14.13855044,0.877094972,0.436111111,58.156
-58.14991985,139,1,13.30339418,0.945578231,0.643518519,45.949
45.05445893,139,1,13.30339418,0.808139535,0.386111111,59.67
47.79055848,102,1,11.39607097,0.857142857,0.4,45.925
11.33712868,178,1,15.05445578,0.820276498,0.478494624,67.294
47.44855622,100,1,11.28379167,0.819672131,0.446428571,46.115
38.67801246,123,1,12.51433035,0.793548387,0.425605536,51.714
15.07483997,548,-3,24.41057367,0.610169492,0.385185185,146.035
-58.12412186,126,1,12.66602474,0.807692308,0.375,56.775
61.4197514,114,1,12.04779267,0.890625,0.584615385,41.293
-29.84999335,168,1,14.62546558,0.75,0.395294118,72.323
-58.24352247,143,1,13.4934523,0.826589595,0.453968254,52.913
51.52222795,374,-1,21.43920417,0.610829103,0.298593879,190.034
30.21969298,237,1,17.37117647,0.800675676,0.256216216,90.245
-51.67432912,169,1,14.66892917,0.824390244,0.352083333,64.103
-33.63475946,542,1,26.26967516,0.594950604,0.272498743,252.383
3.43724723,156,1,14.09345128,0.951219512,0.705882353,45.238
-48.57211511,95,1,10.99807968,0.940594059,0.562130178,36.356
30.82756127,277,1,18.77997215,0.844512195,0.291578947,96.406
-53.00356762,173,1,14.84151075,0.901041667,0.346,63.45
11.95702652,122,1,12.46335526,0.865248227,0.645502646,51.093
-63.26799904,257,1,18.08929415,0.813291139,0.286510591,99.416
-77.74068641,83,1,10.28002345,0.965116279,0.838383838,30.401
28.88562534,146,1,13.63425735,0.784946237,0.39673913,60.232
-19.48389542,278,1,18.81384048,0.735449735,0.289583333,105.544
73.93980845,75,1,9.772050238,0.903614458,0.641025641,36.24
-17.27512244,111,1,11.88821221,0.664670659,0.403636364,73.481
-36.1842835,113,1,11.99483508,0.837037037,0.396491228,50.018
81.34441681,122,1,12.46335526,0.871428571,0.717647059,42.972
80.31541215,110,1,11.83454055,0.887096774,0.647058824,41.086
-2.569364603,252,1,17.91246396,0.743362832,0.56,105.015
63.77551956,120,1,12.36077446,0.882352941,0.48582996,46.181
56.60784825,130,1,12.86550197,0.760233918,0.325814536,60.968
-49.07430344,269,1,18.50679436,0.574786325,0.262952102,120.555
-80.01564286,87,1,10.52482021,0.945652174,0.743589744,33.056
-37.74425742,291,1,19.24870665,0.784366577,0.205073996,112.087
83.28534923,132,1,12.96408963,0.88590604,0.698412698,50.564
-87.01954744,167,1,14.58187244,0.769585253,0.618518519,64.218
85.11556878,141,1,13.39876023,0.742105263,0.564,63.688
57.84407672,118,1,12.2573352,0.936507937,0.578431373,42.972
-0.291808137,158,1,14.1835062,0.835978836,0.574545455,58.454
-60.50840949,210,1,16.35176762,0.758122744,0.322580645,83.174
74.19650018,152,1,13.91159268,0.720379147,0.433048433,66.302
-44.69357985,267,1,18.43786751,0.697127937,0.26969697,93.586
-89.00406461,988,0,31.1072669,0.54676259,0.44057971,220.401
-47.82498657,238,1,17.40778595,0.806779661,0.29382716,83.67
-26.52298248,344,0,20.8368588,0.509715994,0.200588235,161.087
-19.20507003,198,1,15.87770229,0.741573034,0.332773109,83.082
-86.89623561,865,-24,31.16860235,0.661751951,0.470987654,227.697
11.00711943,156,1,14.09345128,0.739336493,0.590909091,90.046
18.51097691,153,1,13.95727948,0.894736842,0.653846154,49.298
-23.71874675,183,1,15.26443044,0.756198347,0.307563025,81.114
-34.52352369,147,1,13.68087033,0.875,0.576470588,46.752
-36.11878295,541,1,26.24542996,0.637971698,0.203766478,209.329
-34.69074159,94,1,10.94004192,0.508108108,0.156666667,84.886
27.05410533,100,1,11.28379167,0.917431193,0.606060606,37.927
-43.80325145,139,1,13.30339418,0.772222222,0.406432749,57.164
33.27253024,183,1,15.26443044,0.706563707,0.29047619,77.558
-26.08790177,545,1,26.34227689,0.536945813,0.160861865,210.857
-18.22601591,173,1,14.84151075,0.816037736,0.398617512,68.535
-62.99450958,111,0,11.78062436,0.579787234,0.403703704,86.085
-85.81778204,121,1,12.41217084,0.870503597,0.672222222,46.52
17.34633194,173,1,14.84151075,0.835748792,0.492877493,65.045
10.79733573,85,1,10.4031419,0.913978495,0.62962963,35.115
80.53526136,86,1,10.46415791,0.767857143,0.597222222,48.422
-46.34680381,153,1,13.95727948,0.683035714,0.409090909,67.609
-78.91363906,103,1,11.45179781,0.746376812,0.550802139,50.556
-88.47558988,141,1,13.39876023,0.810344828,0.705,59.115
41.27510091,135,1,13.11058117,0.918367347,0.6,45.213
10.83703994,164,-2,13.81976598,0.515463918,0.362318841,106.595
-30.70947574,171,1,14.75547228,0.737068966,0.298951049,71.67
-41.13140455,471,0,24.41057367,0.635869565,0.24893617,152.363
7.566270895,168,1,14.62546558,0.844221106,0.622222222,61.852
78.33165047,356,0,21.26029253,0.563492063,0.366357069,147.144
86.1639041,107,1,11.67204486,0.899159664,0.66875,39.498
33.43235822,219,1,16.69848677,0.779359431,0.250285714,86.598
-51.78909114,131,0,12.86550197,0.855263158,0.509803922,48.538
75.96370336,229,1,17.07547527,0.748366013,0.398954704,91.022
68.11642222,127,1,12.71618741,0.846666667,0.574660633,45.701
14.94613268,293,1,19.31474014,0.518584071,0.295959596,114.923
85.80797887,105,1,11.56244577,0.9375,0.772058824,40.325
51.04440107,267,1,18.43786751,0.64028777,0.220843672,105.379
-71.22346775,89,1,10.64510777,0.839622642,0.539393939,38.481
-2.212663094,227,1,17.00074636,0.606951872,0.529137529,104.196
44.1074242,260,1,18.19456737,0.726256983,0.254154448,103.734
-19.49440168,71,1,9.507891863,0.898734177,0.657407407,30.798
-18.04827903,559,0,26.51090773,0.398843931,0.191268191,211.818
-26.98119672,85,1,10.4031419,0.841584158,0.566666667,44.568
-26.27062483,178,1,15.05445578,0.780701754,0.292763158,78.154
-83.2497859,314,0,19.86716535,0.581613508,0.387984981,126.674
83.6922379,159,1,14.22831992,0.722727273,0.46627566,70.007
-41.82454871,93,1,10.88169461,0.902912621,0.603896104,36.43
-25.23819745,99,1,11.22723096,0.868421053,0.529411765,41.409
-55.28035658,233,1,17.22396046,0.735015773,0.210478771,104.18
82.41720121,135,0,13.0619332,0.62037037,0.381766382,73.613
75.7698757,76,1,9.836981519,0.873563218,0.562962963,34.462
53.03118856,146,1,13.63425735,0.691943128,0.390374332,79.535
-78.62075153,251,-3,17.51715531,0.725903614,0.487854251,96.216
-8.495212483,134,1,13.0619332,0.930555556,0.797619048,48.81
89.33538529,144,1,13.54055001,0.730964467,0.533333333,63.085
17.00942529,133,1,13.01310338,0.820987654,0.5256917,53.541
-82.57420668,217,1,16.62206309,0.655589124,0.451143451,95.513
-75.88928965,120,1,12.36077446,0.740740741,0.4743083,57.602
16.79599474,211,1,16.39065416,0.735191638,0.41372549,94.438
37.16200199,189,1,15.51264884,0.847533632,0.432494279,62.564
-16.85253284,168,1,14.62546558,0.888888889,0.56187291,55.501
-28.8838533,406,1,22.73621022,0.427818757,0.166257166,186.089
-0.104478512,251,-1,17.26088218,0.644628099,0.537931034,130.735
55.26269452,157,1,14.13855044,0.821989529,0.379227053,60.786
-6.083313938,171,1,14.75547228,0.780821918,0.551612903,69.428
-34.0858482,254,1,17.98340469,0.649616368,0.243295019,106.719
-13.94993974,138,1,13.25545387,0.693467337,0.5,64.069
-10.02552054,136,1,13.15904928,0.786127168,0.537549407,56.097
14.80128218,103,1,11.45179781,0.824,0.572222222,45.048
-27.13383808,93,1,10.88169461,0.877358491,0.528409091,40.549
-13.77232127,86,1,10.46415791,0.710743802,0.5375,48.116
-14.21312441,88,1,10.58513486,0.785714286,0.571428571,40.731
-49.22871992,87,1,10.52482021,0.90625,0.725,34.073
19.32561167,78,1,9.96557497,0.962962963,0.866666667,28.813
37.0866588,284,1,19.01578373,0.743455497,0.233552632,103.345
-82.13798123,208,1,16.27371578,0.863070539,0.562162162,81.072
-19.46408565,106,1,11.61737456,0.834645669,0.602272727,44.295
33.74308345,138,0,13.20733954,0.883870968,0.652380952,49.108
18.43238156,142,1,13.44618962,0.871165644,0.514492754,54.765
-72.15656762,175,1,14.9270533,0.888324873,0.585284281,56.361
-83.43105879,364,1,21.52810243,0.560862866,0.361469712,129.734
88.37604612,204,1,16.11647812,0.86440678,0.755555556,68.229
18.53944903,160,1,14.27299293,0.864864865,0.544217687,52.987
19.52587794,271,0,18.5411617,0.72386059,0.338345865,93.842
89.58865052,72,1,9.57461473,0.935064935,0.727272727,29.483
60.64558452,177,1,15.01210843,0.830985915,0.452685422,65.103
44.45514259,247,1,17.73387063,0.784126984,0.22681359,98.54
-16.77440752,199,1,15.917747,0.762452107,0.355357143,78.765
53.82921227,80,1,10.09253009,0.909090909,0.661157025,32.204
35.69555508,340,1,20.80628379,0.715789474,0.215873016,127.618
-9.380884924,92,1,10.82303276,0.910891089,0.643356643,34.925
33.16746681,267,1,18.43786751,0.715817694,0.270242915,110.267
-30.78029674,89,1,10.64510777,0.794642857,0.425837321,48.877
-21.10980524,166,1,14.53814859,0.855670103,0.474285714,58.528
-10.27844634,233,1,17.22396046,0.716923077,0.378246753,97.505
-55.78894663,468,1,24.41057367,0.577777778,0.170491803,171.45
-55.57980853,388,1,22.22649193,0.700361011,0.223116734,130.206
27.03663611,304,1,19.67396304,0.797900262,0.296585366,99.044
24.28416317,152,1,13.91159268,0.821621622,0.413043478,63.325
67.42434939,90,1,10.7047447,0.882352941,0.6,38.961
78.53609102,78,0,9.772050238,0.925925926,0.824175824,32.824
-17.40591234,307,-3,19.51149979,0.651416122,0.349707602,119.769
-79.39652527,208,0,16.15593101,0.776515152,0.508684864,72.132
-60.29899127,100,1,11.28379167,0.854700855,0.4048583,45.453
16.21888443,311,1,19.89918336,0.607421875,0.234716981,131.909
-13.92554591,147,1,13.68087033,0.82122905,0.703349282,59.785
22.97515407,88,1,10.58513486,0.871287129,0.615384615,36.447
-15.59349809,301,1,19.57664688,0.701631702,0.337066069,111.995
41.27458524,250,1,17.84124116,0.720461095,0.229568411,103.155
17.18819373,126,1,12.66602474,0.863013699,0.570135747,45.147
38.6305443,448,1,23.88328529,0.65497076,0.154110767,163.165
-15.05974721,198,1,15.87770229,0.755725191,0.456221198,78.451
-12.00880851,346,0,20.95871282,0.597920277,0.318559557,138.013
-10.55183199,106,1,11.61737456,0.876033058,0.642424242,39.532
-27.28128171,162,0,14.13855044,0.821989529,0.575091575,58.966
-5.577041934,276,1,18.74604263,0.73015873,0.512059369,108.736
4.402318794,99,1,11.22723096,0.876106195,0.785714286,42.467
-4.640209527,148,1,13.72732504,0.795698925,0.616666667,68.965
-22.33948417,132,1,12.96408963,0.88,0.545454545,51.209
38.70583135,294,1,19.34767237,0.555765595,0.204166667,133.688
-0.960374412,150,1,13.81976598,0.710900474,0.60483871,73.191
36.25129801,264,1,18.33399138,0.727272727,0.237837838,114.096
-9.488687063,253,1,17.94796938,0.722857143,0.512145749,101.541
20.71120216,143,0,13.39876023,0.903846154,0.534090909,53.632
-79.11623862,131,-2,12.66602474,0.623762376,0.421404682,82.884
88.91482585,102,1,11.39607097,0.755555556,0.51,55.906
-76.8575779,87,1,10.52482021,0.861386139,0.58,40.648
-86.38425953,121,1,12.41217084,0.858156028,0.751552795,56.609
-22.61167753,337,1,20.71428798,0.787383178,0.325603865,108.174
42.26537699,96,1,11.05581278,0.872727273,0.426666667,43.171
-49.92235894,75,1,9.772050238,0.9375,0.619834711,31.096
-14.73255389,84,1,10.34176589,0.954545455,0.717948718,32.667
-8.634988485,81,1,10.1554125,0.91011236,0.710526316,41.359
-47.08863229,135,1,13.11058117,0.808383234,0.5,54.327
6.836971121,231,1,17.14987857,0.719626168,0.493589744,95.595
-40.82229618,227,1,17.00074636,0.802120141,0.2899106,84.332
-3.8210094,98,1,11.17038385,0.899082569,0.644736842,42.31
-78.06036977,84,1,10.34176589,0.933333333,0.705882353,37.803
8.516790183,70,1,9.440697439,0.95890411,0.769230769,29.665
-46.75349532,145,1,13.58748446,0.873493976,0.40166205,55.179
3.898032349,72,1,9.57461473,0.923076923,0.692307692,30.054
-58.69760065,95,1,10.99807968,0.871559633,0.50802139,41.202
77.33686196,71,1,9.507891863,0.898734177,0.682692308,32.113
-45.31811571,296,1,19.41336924,0.635193133,0.241632653,115.303
-27.15885697,160,1,14.27299293,0.855614973,0.444444444,57.883
-26.34332669,100,1,11.28379167,0.854700855,0.490196078,45.701
-58.12012043,81,1,10.1554125,0.9,0.623076923,34.462
-50.00269521,79,1,10.02925341,0.963414634,0.652892562,30.534
-50.25705578,148,1,13.72732504,0.896969697,0.432748538,53.128
28.13537389,109,1,11.78062436,0.832061069,0.49321267,48.447
-20.51320434,70,1,9.440697439,0.897435897,0.598290598,31.377
-48.34367964,72,1,9.57461473,0.947368421,0.72,28.747
10.01840798,115,1,12.10051849,0.845588235,0.608465608,47.636
30.12455326,102,1,11.39607097,0.886956522,0.545454545,43.154
-32.22067807,114,1,12.04779267,0.897637795,0.515837104,43.832
-34.84241274,178,0,15.01210843,0.643636364,0.427536232,78.269
25.67775134,97,1,11.11324596,0.898148148,0.518716578,40.003
-13.97521145,274,0,18.6438836,0.65,0.379166667,108.538
-79.62273588,105,1,11.56244577,0.801526718,0.5,52.441
-71.90042652,133,1,13.01310338,0.768786127,0.511538462,60.579
-66.01722675,74,1,9.70668462,0.850574713,0.493333333,35.777
-63.28818768,85,1,10.4031419,0.934065934,0.607142857,34.47
52.97664198,87,1,10.52482021,0.887755102,0.446153846,39.639
-17.54491876,119,1,12.30916349,0.832167832,0.540909091,53.748
0.088579219,157,1,14.13855044,0.726851852,0.56884058,69.552
-82.44386226,122,0,12.41217084,0.812080537,0.576190476,48.579
65.0383036,146,1,13.63425735,0.848837209,0.417142857,58.661
-39.69289321,84,1,10.34176589,0.903225806,0.583333333,37.175
-45.18183216,205,1,16.15593101,0.657051282,0.206653226,97.58
-65.37405477,97,1,11.11324596,0.866071429,0.464114833,42.906
-49.68204417,196,1,15.79730834,0.717948718,0.371212121,75.97
59.62181584,120,1,12.36077446,0.923076923,0.588235294,43.013
-34.67805922,117,1,12.20528684,0.818181818,0.433333333,47.496
-49.2019545,79,1,10.02925341,0.908045977,0.467455621,36.637
-28.23899593,78,1,9.96557497,0.928571429,0.666666667,32.295
43.44693543,107,1,11.67204486,0.722972973,0.475555556,55.435
45.62887963,82,0,9.901487007,0.693693694,0.493589744,45.982
-47.44718233,150,1,13.81976598,0.789473684,0.416666667,57.9
55.96250101,86,1,10.46415791,0.895833333,0.447916667,39.54
50.98839285,282,0,18.60970597,0.706493506,0.402962963,90.707
-9.754919005,81,1,10.1554125,0.861702128,0.669421488,36.058
-53.00982879,78,1,9.96557497,0.939759036,0.545454545,33.172
72.21272167,72,1,9.57461473,0.86746988,0.615384615,34.462
-41.53158651,573,0,26.98690459,0.513464991,0.357723577,248.147
-36.59795753,264,1,18.33399138,0.721311475,0.246039143,104.106
-44.66080775,183,1,15.26443044,0.799126638,0.378881988,65.558
19.05978232,121,1,12.41217084,0.858156028,0.578947368,45.312
-52.76560056,84,1,10.34176589,0.923076923,0.587412587,35.016
34.20892401,271,1,18.57546545,0.680904523,0.182491582,118.818
-47.03928129,110,1,11.83454055,0.728476821,0.305555556,57.081
64.44059632,104,1,11.50725478,0.742857143,0.444444444,51.052
48.78785302,121,1,12.41217084,0.923664122,0.620512821,41.384
-78.13184022,211,1,16.39065416,0.659375,0.482837529,83.464
-24.84681429,91,1,10.76405122,0.558282209,0.368421053,74.697
-29.48257191,88,1,10.58513486,0.907216495,0.586666667,36.521
-51.73393139,200,0,15.87770229,0.466981132,0.227586207,123.169
-2.025210484,194,-2,15.30607971,0.664259928,0.470588235,91.419
-42.50555554,76,1,9.836981519,0.926829268,0.575757576,31.948
-75.56588502,92,0,10.7047447,0.708661417,0.5,55.311
-65.32851104,70,1,9.440697439,0.853658537,0.5,34.098
-18.77986237,208,1,16.27371578,0.724738676,0.464285714,83.579
36.87377573,114,1,12.04779267,0.926829268,0.674556213,40.052
44.49553969,110,1,11.83454055,0.866141732,0.458333333,46.189
68.40654564,126,1,12.66602474,0.639593909,0.365217391,61.307
-40.47754737,94,1,10.94004192,0.87037037,0.556213018,39.606
-21.11116635,154,1,14.00281721,0.832432432,0.423076923,60.033
-7.040866465,83,1,10.28002345,0.846938776,0.709401709,36.976
44.82389046,171,1,14.75547228,0.868020305,0.387755102,61.82
2.963580296,100,1,11.28379167,0.884955752,0.657894737,44.386
-8.660497929,111,1,11.88821221,0.822222222,0.528571429,48.902
-46.80477501,297,1,19.44613444,0.807065217,0.212142857,108.068
24.40774726,78,1,9.96557497,0.896551724,0.666666667,33.635
-7.647046384,194,1,15.71650316,0.685512367,0.514588859,79.427
-80.18858356,233,0,17.14987857,0.639889197,0.445945946,104.213
19.89041348,82,1,10.21790794,0.76635514,0.482352941,43.435
-4.656446898,125,1,12.61566261,0.748502994,0.568181818,52.061
-31.37790765,75,1,9.772050238,0.914634146,0.535714286,34.743
-77.82147641,819,-26,30.90193616,0.766871166,0.574712644,178.859
10.41649558,97,1,11.11324596,0.923809524,0.692857143,35.115
-5.266644908,129,1,12.81592374,0.716666667,0.575892857,68.493
-72.7453511,89,1,10.64510777,0.631205674,0.360323887,60.232
-78.45796695,81,1,10.1554125,0.91011236,0.675,35.198
-75.91584101,70,1,9.440697439,0.897435897,0.625,32.229
9.578890564,131,0,12.86550197,0.787878788,0.555555556,56.949
66.39285806,102,1,11.39607097,0.842975207,0.447368421,45.974
20.51746321,96,1,11.05581278,0.932038835,0.62745098,38.018
43.59563587,202,1,16.03728119,0.731884058,0.590643275,88.301
23.4238963,97,1,11.11324596,0.866071429,0.538888889,42.327
24.31677136,99,0,11.17038385,0.685314685,0.443438914,54.6
20.94155218,84,1,10.34176589,0.857142857,0.525,39.035
-70.53049856,123,0,12.46335526,0.570093458,0.338888889,98.16
55.17844517,138,-3,12.66602474,0.670212766,0.473684211,78.261
-25.44062454,91,1,10.76405122,0.866666667,0.636363636,37.621
80.24670573,79,1,10.02925341,0.929411765,0.705357143,35.959
52.62735027,257,1,18.08929415,0.702185792,0.236866359,99.053
65.08865703,135,1,13.11058117,0.9375,0.661764706,44.477
45.74507551,260,1,18.19456737,0.720221607,0.225108225,102.047
66.96735919,101,1,11.34007028,0.885964912,0.540106952,42.972
-85.70551621,239,1,17.44431859,0.724242424,0.468627451,109.935
45.04171783,255,1,18.01877032,0.76119403,0.202380952,107.324
-41.64001884,187,1,15.43035304,0.642611684,0.208008899,96.191
22.49109941,412,1,22.90359562,0.566712517,0.170671085,167.555
-17.83814376,157,1,14.13855044,0.785,0.447293447,64.342
-35.02126228,80,1,10.09253009,0.761904762,0.476190476,39.242
56.59827503,308,1,19.80297401,0.613545817,0.295019157,114.005
20.96587913,211,1,16.39065416,0.717687075,0.26375,94.28
17.28222239,347,1,21.01937492,0.643784787,0.317765568,120.662
70.80610361,137,1,13.20733954,0.774011299,0.479020979,66.277
-62.14759854,95,1,10.99807968,0.922330097,0.616883117,35.595
37.21440677,148,1,13.72732504,0.77486911,0.32173913,63.143
7.621267175,509,1,25.45739437,0.827642276,0.591173055,112.35
69.76446785,125,1,12.61566261,0.856164384,0.641025641,43.948
-15.15160342,346,-1,20.05850683,0.714932127,0.544827586,95.893
24.62727623,83,1,10.28002345,0.892473118,0.614814815,35.851
-89.22213335,171,1,14.75547228,0.715481172,0.575757576,81.726
-29.35395849,245,1,17.66192765,0.753846154,0.313299233,85.448
52.08163096,189,1,15.51264884,0.851351351,0.318181818,69.636
-80.05862957,398,1,22.51109368,0.646103896,0.30358505,154.966
47.51004447,112,1,11.94164264,0.861538462,0.439215686,46.28
37.98080056,91,1,10.76405122,0.883495146,0.505555556,38.969
-78.37705322,209,1,16.31278838,0.566395664,0.362847222,101.566
68.14088066,109,1,11.78062436,0.865079365,0.5215311,44.386
-77.68614813,102,1,11.39607097,0.842975207,0.596491228,43.997
67.25288202,217,1,16.62206309,0.682389937,0.234848485,100.963
71.91796293,170,1,14.71226436,0.732758621,0.461956522,73.704
59.12278514,569,0,26.89237924,0.865853659,0.633928571,101.244
-73.5945413,98,1,11.17038385,0.830508475,0.576470588,41.45
59.70999657,89,1,10.64510777,0.946808511,0.684615385,33.982
32.27213602,72,1,9.57461473,0.947368421,0.727272727,29.02
-65.32619063,81,1,10.1554125,0.952941176,0.692307692,32.386
56.91202996,128,1,12.76615297,0.927536232,0.57918552,43.733
-44.66135693,124,1,12.56509863,0.765432099,0.343490305,64.822
78.84056895,346,1,20.98906578,0.604895105,0.279257466,135.73
-40.41591054,109,1,11.78062436,0.703225806,0.273182957,58.727
-26.6443915,105,1,11.56244577,0.92920354,0.636363636,38.845
43.22833037,81,1,10.1554125,0.9,0.566433566,34.561
-73.80897143,93,1,10.88169461,0.902912621,0.645833333,37.166
45.86670624,243,1,17.58969043,0.55862069,0.270300334,116.156
52.57689002,192,1,15.63528038,0.783673469,0.323232323,72.968
69.57005537,139,1,13.30339418,0.702020202,0.534615385,74.523
83.47442107,232,1,17.18695943,0.720496894,0.533333333,97.572
69.33257122,146,1,13.63425735,0.83908046,0.488294314,55.435
65.32238135,95,1,10.99807968,0.871559633,0.50802139,40.466
21.89892524,93,1,10.88169461,0.885714286,0.603896104,37.993
-79.41447261,204,1,16.11647812,0.819277108,0.53125,72.637
34.20038635,126,1,12.66602474,0.940298507,0.74556213,39.697
61.32382788,153,1,13.95727948,0.827027027,0.485714286,55.526
-52.15497812,305,1,19.70629496,0.819892473,0.225424982,108.622
-72.7405466,198,1,15.87770229,0.835443038,0.507692308,74.001
35.54763157,72,1,9.57461473,1,0.727272727,28.458
53.18926248,111,1,11.88821221,0.853846154,0.4625,44.957
-10.41022308,285,1,19.0492328,0.833333333,0.473421927,96.794
27.02926019,71,1,9.507891863,0.922077922,0.591666667,30.178
33.35192719,166,1,14.53814859,0.855670103,0.4160401,59.587
38.91899054,111,-2,11.56244577,0.58988764,0.368421053,78.418
26.49919425,247,1,17.73387063,0.799352751,0.356421356,84.108
-39.83184633,78,1,9.96557497,0.821052632,0.461538462,38.018
71.34551691,82,0,10.09253009,0.672268908,0.473372781,51.168
-37.95798014,138,1,13.25545387,0.958333333,0.816568047,41.839
10.51405327,112,1,11.94164264,0.888888889,0.65497076,43.617
-2.543886552,80,1,10.09253009,0.898876404,0.683760684,32.667
1.188760432,309,1,19.83509565,0.728773585,0.657446809,106.271
89.88112006,216,1,16.58371917,0.907563025,0.794117647,73.786
13.46810081,139,1,13.30339418,0.755434783,0.464882943,60.629
10.15611811,329,-1,20.34214473,0.442176871,0.254901961,187.982
10.25071949,373,1,21.79262146,0.598715891,0.353889943,151.592
-80.38756231,169,1,14.66892917,0.768181818,0.569023569,65.814
-46.85531176,397,1,22.48279563,0.583823529,0.187706856,159.665
4.148604827,241,1,17.51715531,0.762658228,0.587804878,91.294
4.886589661,154,1,14.00281721,0.916666667,0.736842105,48.397
14.97449247,218,1,16.66031875,0.781362007,0.415238095,84.455
-19.03825852,217,1,16.62206309,0.688888889,0.364705882,84.819
-21.19986114,83,1,10.28002345,0.81372549,0.58041958,38.316
-71.19262234,168,1,14.62546558,0.677419355,0.48,69.486
40.66374048,94,1,10.94004192,0.949494949,0.556213018,36.083
-50.04137199,82,1,10.21790794,0.836734694,0.532467532,37.166
-32.36978382,81,1,10.1554125,0.920454545,0.566433566,33.544
-84.85576114,103,-2,10.99807968,0.605095541,0.416666667,63.797
45.73962668,247,-2,17.22396046,0.64902507,0.404513889,118.595
-18.83132538,124,1,12.56509863,0.635897436,0.413333333,61.96
-33.7613006,107,1,11.67204486,0.884297521,0.548717949,39.912
-22.49972114,240,1,17.48077489,0.819112628,0.403361345,81.933
23.01285516,171,1,14.75547228,0.830097087,0.438461538,63.209
-21.02459558,179,1,15.09668435,0.75210084,0.404977376,66.856
-79.05846261,131,1,12.91488987,0.803680982,0.567099567,51.234
68.51095956,92,1,10.82303276,0.859813084,0.522727273,39.06
82.3909235,201,1,15.9975357,0.764258555,0.522077922,83.115
54.05946914,108,1,11.72646029,0.76056338,0.519230769,54.004
55.93154538,166,1,14.53814859,0.757990868,0.292768959,73.059
76.16723545,193,1,15.67594438,0.781376518,0.44988345,81.527
-75.08351459,316,1,20.05850683,0.615984405,0.263993317,140.13
82.38373812,89,1,10.64510777,0.908163265,0.659259259,35.479
85.63575991,354,1,21.23032734,0.718052738,0.519061584,146.894
32.0219258,110,1,11.83454055,0.88,0.497737557,44.204
85.62171367,287,1,19.11595536,0.61987041,0.457735247,125.83
83.16822129,626,-1,28.18690256,0.887624467,0.670247046,116.675
55.26244857,150,1,13.81976598,0.847457627,0.420168067,57.437
29.49024802,219,1,16.69848677,0.593495935,0.240131579,99.698
-28.31762372,81,1,10.1554125,0.931034483,0.623076923,33.238
65.14283151,126,1,12.66602474,0.933333333,0.583333333,43.832
65.64630548,193,1,15.67594438,0.684397163,0.321666667,77.053
14.52522474,91,1,10.76405122,0.834862385,0.561728395,43.162
-87.45036415,97,1,11.11324596,0.91509434,0.729323308,41.152
-82.96081592,181,-4,14.84151075,0.65530303,0.494285714,84.836
87.20301827,261,1,18.22952334,0.752161383,0.617021277,105.461
-37.97366733,254,1,17.98340469,0.779141104,0.282536151,89.666
-39.55802515,178,1,15.05445578,0.709163347,0.322463768,73.886
-36.04595523,253,1,17.94796938,0.676470588,0.213682432,104.668
37.73281707,91,1,10.76405122,0.689393939,0.404444444,48.281
-36.95151042,108,1,11.72646029,0.850393701,0.519230769,44.676
24.35219177,93,1,10.88169461,0.788135593,0.46969697,47.289
22.17222253,104,1,11.50725478,0.737588652,0.380952381,50.779
-21.10495425,98,1,11.17038385,0.933333333,0.685314685,34.743
77.84025849,109,1,11.78062436,0.751724138,0.5215311,50.82
68.4149069,96,1,11.05581278,0.96969697,0.820512821,34.693
65.33403635,123,0,12.46335526,0.697142857,0.414965986,64.342
78.98402918,259,0,18.08929415,0.732193732,0.521298174,97.117
-77.48255172,201,1,15.9975357,0.700348432,0.380681818,110.167
88.45289113,119,1,12.30916349,0.856115108,0.708333333,47.239
-69.71596588,371,-6,20.05850683,0.557319224,0.300952381,158.044
-88.99278182,179,1,15.09668435,0.721774194,0.537537538,81.064
45.09745535,265,1,18.36868203,0.838607595,0.50094518,72.58
31.59063131,142,1,13.44618962,0.860606061,0.369791667,59.033
-78.1581813,145,1,13.58748446,0.814606742,0.527272727,56.791
83.09658802,96,1,11.05581278,0.96969697,0.820512821,33.122
88.38092159,71,1,9.507891863,0.87654321,0.78021978,32.179
-2.324971652,304,1,19.67396304,0.686230248,0.562962963,130.23
86.54332609,293,-6,18.40330728,0.599099099,0.436781609,140.528
84.98534038,84,1,10.34176589,0.965517241,0.777777778,30.608
-48.26163519,141,0,13.35116236,0.833333333,0.484429066,54.492
19.9254435,161,1,14.31752656,0.651821862,0.397530864,68.345
-55.54415202,150,1,13.81976598,0.802139037,0.315789474,65.211
-24.18453017,139,1,13.30339418,0.812865497,0.310267857,64.177
-58.11822484,97,1,11.11324596,0.881818182,0.573964497,39.796
38.88971175,82,1,10.21790794,0.942528736,0.745454545,32.088
32.31643886,102,1,11.39607097,0.902654867,0.713286713,36.033
0.538415989,115,1,12.10051849,0.891472868,0.653409091,41.202
41.41435069,89,1,10.64510777,0.967391304,0.73553719,32.022
53.6318078,167,0,14.09345128,0.71559633,0.398976982,62.374
-10.62493923,133,1,13.01310338,0.81595092,0.633333333,52.317
-26.01146772,91,1,10.76405122,0.883495146,0.551515152,37.464
-41.66739242,150,1,13.81976598,0.675675676,0.3,74.556
74.01694587,165,1,14.49429284,0.800970874,0.453296703,68.055
84.012898,187,1,15.43035304,0.719230769,0.55,84.306
-44.71343098,73,1,9.64087583,0.890243902,0.603305785,32.783
58.96678359,418,1,23.06976657,0.576551724,0.147286822,178.249
70.09630881,340,1,20.80628379,0.731182796,0.344478217,120.993
9.79859792,743,-7,29.81142738,0.396365701,0.250179211,248.825
-71.66872222,77,1,9.901487007,0.875,0.641666667,34.09
-32.29420681,123,1,12.51433035,0.803921569,0.356521739,56.659
11.88860468,114,1,12.04779267,0.802816901,0.603174603,52.218
8.231151886,193,1,15.67594438,0.821276596,0.64983165,70.933
-13.91386347,320,-9,19.08262324,0.638392857,0.444099379,107.43
-83.8313009,197,0,15.79730834,0.705035971,0.502564103,79.609
-35.73025475,158,1,14.1835062,0.666666667,0.316,76.252
-40.48468904,369,1,21.67545598,0.654255319,0.243243243,119.24
6.808200256,282,1,18.94870844,0.66509434,0.437209302,112.896
-13.56086386,109,1,11.78062436,0.858267717,0.576719577,50.696
-11.389784,402,1,22.62393195,0.610015175,0.289834174,161.491
-7.165901318,194,1,15.71650316,0.695340502,0.476658477,88.16
-23.03881187,158,0,14.13855044,0.676724138,0.418666667,73.522
51.8355273,102,1,11.39607097,0.86440678,0.357894737,50.316
-22.11135281,502,0,25.23132522,0.474833808,0.171467764,215.777
16.06226313,613,-18,26.65459934,0.709021601,0.539130435,174.203
12.07616377,238,-1,17.18695943,0.694610778,0.545882353,86.664
-9.084332131,308,1,19.80297401,0.659528908,0.360233918,121.108
-4.60341552,117,1,12.20528684,0.722222222,0.565217391,56.543
39.50846159,169,1,14.66892917,0.918478261,0.621323529,48.232
-66.62536756,165,1,14.49429284,0.743243243,0.4296875,73.77
-80.21341146,100,1,11.28379167,0.854700855,0.653594771,41.359
-74.51732472,377,1,21.90916038,0.61102107,0.244646334,152.7
-77.9710869,120,1,12.36077446,0.810810811,0.606060606,50.845
-26.92962239,161,1,14.31752656,0.673640167,0.364253394,75.763
-55.54886362,249,1,17.80552293,0.687845304,0.220159151,110.101
-4.862251897,72,1,9.57461473,0.935064935,0.692307692,31.096
15.11381918,210,1,16.35176762,0.711864407,0.451612903,93.544
23.05316031,132,1,12.96408963,0.835443038,0.483516484,54.021
14.37088163,128,1,12.76615297,0.853333333,0.62745098,46.743
28.20428037,244,0,17.58969043,0.778846154,0.312741313,91.816
2.753300614,241,1,17.51715531,0.746130031,0.663911846,81.238
12.90936754,181,1,15.1807891,0.751037344,0.449131514,71.992
-35.43059271,169,1,14.66892917,0.657587549,0.312962963,80.353
-3.806121578,115,1,12.10051849,0.839416058,0.614973262,43.278
-76.99564612,102,1,11.39607097,0.918918919,0.666666667,38.762
-6.037843639,145,1,13.58748446,0.843023256,0.700483092,54.599
-78.90331673,254,0,17.94796938,0.634085213,0.367732558,104.196
-15.62084612,91,1,10.76405122,0.827272727,0.606666667,39.705
-20.34879383,109,1,11.78062436,0.872,0.495454545,46.28
-79.28369424,163,1,14.40618082,0.815,0.529220779,68.461
-46.18251653,209,0,16.19528778,0.771535581,0.343333333,73.895
-77.06693458,84,1,10.34176589,0.893617021,0.622222222,35.578
5.917842944,485,1,24.84997342,0.91509434,0.731523379,93.957
9.382431646,118,1,12.2573352,0.929133858,0.756410256,38.084
45.17754263,303,0,19.57664688,0.530864198,0.252941176,121.01
11.05863371,244,1,17.62584605,0.596577017,0.37195122,98.655
39.76963998,157,1,14.13855044,0.857923497,0.415343915,55.75
-3.833878967,120,1,12.36077446,0.875912409,0.701754386,48.422
23.4351835,143,1,13.4934523,0.690821256,0.34375,67.22
-24.23560821,246,1,17.6979357,0.659517426,0.332432432,99.581
78.258355,147,1,13.68087033,0.924528302,0.644736842,46.065
-69.47701893,151,1,13.86575534,0.834254144,0.371921182,65.566
-9.599307509,81,1,10.1554125,0.880434783,0.680672269,37.356
-15.83305172,218,1,16.66031875,0.662613982,0.389285714,92.237
-4.284758132,191,1,15.59451035,0.868181818,0.707407407,63.002
-27.88101421,159,1,14.22831992,0.764423077,0.304597701,72.803
45.91085927,337,-1,20.56004691,0.732891832,0.193023256,125.923
-22.02955253,121,0,12.30916349,0.843971631,0.481781377,49.803
34.42641813,228,1,17.03815178,0.767676768,0.300395257,93.677
53.46342105,250,1,17.84124116,0.744047619,0.322580645,92.536
-63.56824263,149,1,13.77362306,0.788359788,0.431884058,59.372
2.639465136,203,1,16.07692842,0.805555556,0.644444444,79.972
0.106689071,166,1,14.53814859,0.887700535,0.737777778,57.37
-11.50011024,217,0,16.58371917,0.885245902,0.59833795,58.189
72.87754391,81,1,10.1554125,0.536423841,0.366515837,51.606
6.73583421,192,1,15.63528038,0.853333333,0.646464646,71.851
-7.177606625,277,1,18.77997215,0.642691415,0.429457364,102.649
-6.627596673,89,1,10.64510777,0.760683761,0.529761905,56.858
38.24908729,345,1,20.95871282,0.573089701,0.180533752,135.558
-48.94747897,128,1,12.76615297,0.775757576,0.358543417,57.205
-10.48550667,173,1,14.84151075,0.706122449,0.450520833,75.151
-24.36255099,126,1,12.66602474,0.818181818,0.605769231,50.076
84.81694824,85,1,10.4031419,0.95505618,0.745614035,39.465
46.02572701,175,1,14.9270533,0.829383886,0.35,66.426
11.21043276,105,0,11.50725478,0.658227848,0.472727273,74.299
-83.56477982,118,1,12.2573352,0.867647059,0.69005848,45.213
-78.61070796,115,1,12.10051849,0.8984375,0.751633987,42.492
-81.78406931,258,1,18.12445317,0.722689076,0.477777778,99.672
-34.19374747,83,1,10.28002345,0.798076923,0.538961039,46.76
7.366289547,162,1,14.36192209,0.835051546,0.6,62.704
-77.42880111,117,1,12.20528684,0.790540541,0.559808612,48.695
-5.593087972,158,1,14.1835062,0.849462366,0.650205761,60.554
59.72884192,168,1,14.62546558,0.767123288,0.368421053,67.129
49.52792098,94,1,10.94004192,0.94,0.712121212,33.337
-22.39332951,93,1,10.88169461,0.845454545,0.543859649,43.898
61.19102855,111,1,11.88821221,0.902439024,0.544117647,41.872
9.062832689,239,1,17.44431859,0.761146497,0.496881497,84.107
82.76185126,213,1,16.46815178,0.76344086,0.484090909,85.522
-57.61024561,352,1,21.17026971,0.603773585,0.150620454,149.27
-4.663078124,214,1,16.50676415,0.89539749,0.737931034,65.557
-2.786975718,201,0,15.95769122,0.694444444,0.606060606,80.8
-14.00727507,81,1,10.1554125,0.91011236,0.778846154,33.494
22.95024203,72,1,9.57461473,0.96,0.727272727,28.193
12.01047232,129,1,12.81592374,0.791411043,0.469090909,60.099
13.89697151,244,1,17.62584605,0.734939759,0.412162162,86.936
-50.78140058,192,1,15.63528038,0.845814978,0.365714286,73.291
-25.84357304,97,1,11.11324596,0.702898551,0.392712551,55.063
15.14306957,100,1,11.28379167,0.900900901,0.666666667,38.291
-15.74190963,208,1,16.27371578,0.825396825,0.457142857,76.863
23.3023501,133,1,13.01310338,0.806060606,0.487179487,52.987
11.60017002,455,-2,23.93653682,0.612244898,0.326086957,161.707
33.21227329,358,1,21.34993576,0.763326226,0.172779923,143.547
76.77342801,118,1,12.2573352,0.781456954,0.536363636,51.234
60.60772752,80,0,10.02925341,0.658333333,0.422459893,61.332
-89.53133504,87,1,10.52482021,0.783783784,0.604166667,43.46
79.13060086,124,1,12.56509863,0.855172414,0.652631579,49.439
8.80266321,174,1,14.88434348,0.813084112,0.585858586,63.176
17.41200206,230,0,17.07547527,0.687687688,0.295865633,100.276
-56.10973645,124,1,12.56509863,0.861111111,0.413333333,51.234
-85.31796968,227,1,17.00074636,0.66180758,0.426691729,89.806
50.5804007,183,1,15.26443044,0.7593361,0.31826087,71.612
76.42206455,76,1,9.836981519,0.844444444,0.633333333,36.24
-68.69159448,278,1,18.81384048,0.902597403,0.605664488,69.139
-74.57300416,256,1,18.05406667,0.773413897,0.372093023,95.768
22.85523362,253,1,17.94796938,0.788161994,0.380451128,84.108
-29.18861969,330,1,20.49802551,0.793269231,0.224489796,116.106
88.72521778,164,1,14.45030399,0.854166667,0.706896552,65.417
-73.43929768,393,1,22.36924543,0.561428571,0.266440678,158.969
17.95321798,234,1,17.26088218,0.73125,0.327731092,98.208
89.35107827,101,1,11.34007028,0.89380531,0.673333333,42.004
-60.4421917,339,-6,19.89918336,0.698876404,0.565454545,110.11
-22.99731168,163,1,14.40618082,0.657258065,0.368778281,69.362
-15.79717088,856,-6,32.62557677,0.366827556,0.197169811,349.598
-3.721534612,116,1,12.15301556,0.758169935,0.552380952,51.862
34.21408994,96,0,10.99807968,0.650684932,0.351851852,55.964
37.3683029,113,1,11.99483508,0.86259542,0.470833333,45.519
44.19390872,87,0,10.46415791,0.699186992,0.441025641,60.389
2.710677379,128,1,12.76615297,0.711111111,0.592592593,68.601
-10.90590378,148,1,13.72732504,0.704761905,0.510344828,69.461
16.85914789,254,0,17.94796938,0.57239819,0.302631579,119.223
11.79648213,395,0,22.39768695,0.656666667,0.314194577,148.003
56.95980756,354,1,21.23032734,0.569131833,0.224761905,132.232
51.71693764,130,1,12.86550197,0.896551724,0.509803922,45.908
-47.64515376,234,0,17.22396046,0.721362229,0.269675926,91.237
-46.1098564,73,1,9.64087583,0.890243902,0.51048951,35.314
88.02088156,451,-11,23.26213246,0.624082232,0.431910569,167.2
17.97338678,251,0,17.80552293,0.699438202,0.364035088,89.459
37.31320582,134,1,13.0619332,0.676767677,0.492647059,72.347
45.16990809,201,1,15.9975357,0.690721649,0.268,96.555
-64.6557527,220,1,16.73656774,0.830188679,0.517647059,65.376
1.761393591,397,1,22.48279563,0.569583931,0.42010582,156.795
25.83443845,130,1,12.86550197,0.792682927,0.541666667,48.141
64.06849464,342,0,20.8368588,0.512781955,0.264341085,160.69
56.00991943,121,1,12.41217084,0.521551724,0.303258145,95.918
37.47622229,744,-7,30.42441699,0.496245734,0.193196917,278.079
-29.27035024,511,1,25.50735987,0.605450237,0.164573269,182.896
51.59472551,420,1,23.12489154,0.626865672,0.200860832,145.201
24.5915654,420,-3,22.62393195,0.490243902,0.277241379,170.507
27.78570332,198,1,15.87770229,0.68989547,0.34375,95.612
28.55524382,210,1,16.35176762,0.752688172,0.294117647,87.772
31.09554897,255,1,18.01877032,0.618932039,0.233516484,118.041
-23.64964882,333,1,20.59098755,0.595706619,0.241830065,122.101
-60.58009846,440,1,23.66908109,0.665658094,0.179080179,158.854
72.08819053,127,0,12.61566261,0.850340136,0.598086124,47.727
9.999449341,190,1,15.55363345,0.769230769,0.523415978,77.483
-10.19582549,420,1,23.12489154,0.507859734,0.35,172.681
-24.02424836,926,-17,33.10980592,0.574,0.416949153,256.543
10.10493569,83,1,10.28002345,0.943181818,0.754545455,30.798
-6.920198402,155,1,14.04820734,0.875706215,0.637860082,61.447
-58.89580383,108,1,11.72646029,0.931034483,0.553846154,38.895
-51.67258908,105,1,11.56244577,0.801526718,0.368421053,50.961
-4.802490228,377,1,21.90916038,0.474213836,0.330701754,145.11
-14.85733378,320,1,20.18506018,0.707964602,0.326530612,114.807
-15.81117697,161,1,14.31752656,0.735159817,0.396551724,70.876
-7.532120447,102,1,11.39607097,0.871794872,0.666666667,43.997
88.9992367,93,1,10.88169461,0.845454545,0.69924812,44.965
42.69463186,255,1,18.01877032,0.822580645,0.241477273,94.1
45.22529399,169,1,14.66892917,0.775229358,0.281666667,72.042
30.79445229,74,0,9.507891863,0.682692308,0.461038961,48.025
-3.653016801,88,1,10.58513486,0.926315789,0.733333333,35.479
3.981580639,114,1,12.04779267,0.88372093,0.633333333,44.915
-18.79817175,281,1,18.9150816,0.753351206,0.297354497,106.942
-6.324804595,82,-1,10.09253009,0.64516129,0.49689441,63.937
4.818857334,184,1,15.30607971,0.769874477,0.575,78.31
14.38724526,78,1,9.96557497,0.847826087,0.65,38.208
5.295389352,149,0,13.63425735,0.843930636,0.70531401,55.22
25.186226,146,1,13.63425735,0.918238994,0.660633484,46.048
-51.0929666,121,1,12.41217084,0.896296296,0.576190476,42.699
29.79426001,1141,-21,36.84119101,0.531141006,0.376014109,396.616
-22.04916371,951,1,34.7972816,0.261048586,0.114481762,452.292
56.95593594,118,-1,11.94164264,0.651162791,0.5,70.247
9.685830714,295,1,19.38054864,0.756410256,0.504273504,96.547
-22.73571854,167,1,14.58187244,0.878947368,0.611721612,56.353
45.87287337,126,0,12.61566261,0.862068966,0.490196078,47.306
-31.59270599,147,1,13.68087033,0.742424242,0.368421053,61.192
-11.59247828,421,1,23.15240481,0.730902778,0.469866071,138.071
-42.86597744,453,1,24.01619274,0.520689655,0.184897959,157.548
-50.38897974,327,1,20.40463994,0.53960396,0.239035088,144.167
-5.270217938,251,1,17.87688803,0.817589577,0.616707617,84.86
-6.767363255,376,1,21.88008384,0.656195462,0.410928962,143.628
21.04167344,129,1,12.81592374,0.74566474,0.431438127,59.016
0.225756561,243,1,17.58969043,0.77388535,0.694285714,91.509
-52.80043996,365,1,21.55765372,0.679702048,0.199127114,133.986
-32.95479976,138,1,13.25545387,0.884615385,0.541176471,48.331
6.719799031,316,1,20.05850683,0.572463768,0.383030303,130.189
11.66224938,84,1,10.34176589,0.84,0.587412587,36.794
-33.69869512,382,1,22.05396804,0.807610994,0.265277778,116.991
22.85877796,98,1,11.17038385,0.777777778,0.453703704,48.794
-11.71420419,193,1,15.67594438,0.835497835,0.593846154,64.102
-4.089918252,211,1,16.39065416,0.735191638,0.518427518,84.604
6.014330645,399,-2,22.36924543,0.540577717,0.369014085,175.055
-61.76521414,170,1,14.71226436,0.890052356,0.505952381,56.113
-0.125528504,244,1,17.62584605,0.699140401,0.54954955,87.143
-22.01545739,231,1,17.14987857,0.79109589,0.329059829,88.698
31.18151236,102,1,11.39607097,0.971428571,0.713286713,34.363
-3.978698589,197,1,15.83755632,0.656666667,0.562857143,82.098
-40.70583053,133,0,12.96408963,0.670050761,0.431372549,86.3
-27.71410534,255,1,18.01877032,0.74127907,0.284280936,95.347
-11.18462609,163,1,14.40618082,0.711790393,0.50621118,64.888
-3.446913951,169,1,14.66892917,0.768181818,0.614545455,61.414
-76.93820227,75,1,9.772050238,0.949367089,0.694444444,30.616
-0.888921068,231,1,17.14987857,0.822064057,0.7,73.952
18.10118758,236,1,17.33448968,0.708708709,0.355957768,90.17
-46.29868374,1107,-4,37.23651251,0.332722273,0.150914634,493.749
37.87557149,210,-3,15.83755632,0.696113074,0.456018519,95.571
7.040231103,273,0,18.57546545,0.709424084,0.425431711,109.82
57.0435087,145,-4,12.96408963,0.66,0.366666667,64.748
4.467091319,327,0,20.34214473,0.777511962,0.581395349,97.439
-10.66320118,105,1,11.56244577,0.889830508,0.648148148,41.938
59.53332845,360,1,21.40948939,0.48714479,0.136363636,165.768
-18.6669027,136,1,13.15904928,0.63255814,0.435897436,99.648
-39.70881411,224,0,16.58371917,0.747404844,0.40831758,74.829
66.11415381,124,1,12.56509863,0.8,0.421768707,53.095
-17.23898628,206,0,15.63528038,0.79338843,0.492307692,65.053
53.00898309,295,1,19.38054864,0.85755814,0.284749035,93.058
6.482148997,187,1,15.43035304,0.785714286,0.566666667,81.147
-26.71130453,147,1,13.68087033,0.753846154,0.392,63.573
-31.23074819,124,1,12.56509863,0.64921466,0.280542986,69.875
49.81415441,305,0,19.67396304,0.706976744,0.200395517,116.073
24.9488443,134,-4,12.15301556,0.547169811,0.386666667,68.378
80.54362503,261,1,18.22952334,0.737288136,0.478021978,92.361
-49.45004049,341,1,20.8368588,0.528682171,0.128679245,158.375
14.67201406,84,1,10.34176589,0.807692308,0.56,37.737
62.46435149,168,-1,14.49429284,0.632183908,0.392857143,103.7
-55.16359333,222,1,16.81247093,0.711538462,0.28030303,91.932
-51.44731578,291,1,19.24870665,0.684705882,0.239309211,112.798
31.01710918,281,1,18.9150816,0.828908555,0.292099792,92.842
37.5519233,200,-1,15.87770229,0.779527559,0.325123153,76.905
-89.14610616,76,1,9.836981519,0.678571429,0.460606061,56.577
5.065472733,323,0,20.24804024,0.707692308,0.532231405,120.794
-28.4664269,119,0,12.2573352,0.855072464,0.533936652,46.09
-24.73423434,242,1,17.55346034,0.655826558,0.224074074,111.441
6.532207748,116,1,12.15301556,0.958677686,0.859259259,38.82
15.3778173,156,0,14.04820734,0.861111111,0.615079365,52.433
-34.22638648,96,1,11.05581278,0.897196262,0.623376623,37.183
-33.42675151,153,1,13.95727948,0.874285714,0.391304348,57.255
25.3916635,237,0,17.33448968,0.641304348,0.261351052,110.68
-10.65106707,217,1,16.62206309,0.706840391,0.407129456,91.096
19.53337492,358,1,21.34993576,0.696498054,0.293683347,122.928
-39.68444776,144,1,13.54055001,0.857142857,0.445820433,55.923
-8.870531296,407,0,22.7081927,0.582733813,0.322966507,154.297
-1.756223121,77,1,9.901487007,0.974683544,0.905882353,36.165
-87.2924262,337,0,20.65272978,0.8375,0.676767677,100.846
46.75637866,154,1,14.00281721,0.793814433,0.349206349,68.941
-20.3920433,289,0,19.11595536,0.662817552,0.277294686,111.722
-9.180040328,331,1,20.52905963,0.701271186,0.414267835,114.533
-12.72778926,376,0,21.85096861,0.543478261,0.239769821,151.228
-26.42816139,160,1,14.27299293,0.85106383,0.444444444,56.775
-65.88477088,247,1,17.73387063,0.769470405,0.336054422,88.681
67.92242159,106,0,11.56244577,0.704697987,0.475113122,52.268
-10.14289067,314,1,19.99492978,0.738823529,0.427210884,110.283
-81.49183085,325,1,20.34214473,0.521669342,0.380116959,123.069
0.314280552,227,1,17.00074636,0.739413681,0.616847826,99.39
-69.15141061,175,1,14.9270533,0.673076923,0.313620072,76.59
-0.197820667,229,1,17.07547527,0.763333333,0.636111111,96.62
-70.03726044,261,1,18.22952334,0.720994475,0.303488372,103.741
35.53402786,201,1,15.9975357,0.661184211,0.232638889,98.887
1.612784638,154,1,14.00281721,0.93902439,0.733333333,48.695
76.46694179,79,1,10.02925341,0.908045977,0.658333333,33.891
-64.73987877,271,1,18.57546545,0.734417344,0.240461402,111.251
-3.299092931,70,1,9.440697439,0.823529412,0.714285714,35.826
39.78453508,106,1,11.61737456,0.848,0.504761905,43.179
-40.45617917,92,1,10.82303276,0.814159292,0.547619048,48.877
-61.59055374,96,1,11.05581278,0.857142857,0.459330144,44.204
-74.78136781,83,1,10.28002345,0.72173913,0.461111111,45.817
10.16470543,216,1,16.58371917,0.776978417,0.519230769,77.028
30.82336094,195,1,15.75695755,0.755813953,0.340909091,72.034
83.81016372,135,-2,12.96408963,0.683937824,0.471428571,86.986
53.98558757,84,1,10.34176589,0.923076923,0.646153846,34.346
72.83701218,346,1,20.98906578,0.739316239,0.336248785,114.674
54.47701964,77,1,9.901487007,0.875,0.583333333,35.132
2.317360954,206,1,16.19528778,0.830645161,0.693602694,65.624
-4.083624311,104,1,11.50725478,0.859504132,0.764705882,43.253
76.51390394,111,1,11.88821221,0.840909091,0.555,46.346
-65.50381897,332,1,20.56004691,0.736141907,0.261623325,127.832
-66.06573837,138,1,13.25545387,0.896103896,0.58974359,46.644
-63.69209542,70,1,9.440697439,0.985915493,0.707070707,28.921
-79.57206601,74,1,9.70668462,0.925,0.632478632,30.815
19.81734694,145,1,13.58748446,0.814606742,0.493197279,54.997
-72.72565482,91,1,10.76405122,0.866666667,0.594771242,39.589
61.19340483,177,1,15.01210843,0.898477157,0.495798319,54.815
-52.52601066,194,1,15.71650316,0.782258065,0.326599327,73.845
-32.77174811,407,0,22.65205369,0.568406206,0.15620155,168.06
-17.01337222,477,1,24.644173,0.594022416,0.268732394,167.943
64.48008068,167,1,14.58187244,0.902702703,0.585964912,51.49
-39.46689174,372,1,21.76338923,0.786469345,0.233815211,119.315
-44.76222598,435,1,23.53421343,0.671296296,0.170588235,148.708
75.05063704,143,1,13.4934523,0.910828025,0.684210526,46.247
-20.36751978,503,1,25.30690599,0.731104651,0.221390845,168.563
65.55075547,99,1,11.22723096,0.846153846,0.529411765,43.559
16.55878458,432,1,23.45292057,0.675,0.276923077,164.403
-29.44667059,302,1,19.60913926,0.803191489,0.302,97.548
12.37899392,309,0,19.34767237,0.671232877,0.502564103,121.928
-46.62080587,221,1,16.77456227,0.830827068,0.417769376,69.131
17.84420028,136,1,13.15904928,0.85,0.550607287,56.593
-17.12449904,256,0,18.01877032,0.526859504,0.321969697,155.34
56.605153,318,1,20.12188299,0.62109375,0.243678161,115.204
76.18173322,276,1,18.74604263,0.691729323,0.34543179,108.091
-27.12284301,369,-1,21.6166351,0.517630465,0.354247104,165.33
75.81749072,309,1,19.83509565,0.757352941,0.378676471,112.317
57.93409793,266,1,18.40330728,0.747191011,0.287567568,98.945
-13.30212448,83,1,10.28002345,0.922222222,0.709401709,32.113
77.68690333,266,1,18.40330728,0.692708333,0.405487805,96.844
32.9844528,78,1,9.96557497,0.886363636,0.590909091,32.684
21.40584611,244,0,17.58969043,0.723214286,0.345661451,88.185
55.7577002,380,1,21.99615937,0.711610487,0.196078431,131.381
77.78325745,129,-3,12.30916349,0.64673913,0.5,69.296
50.56601215,118,1,12.2573352,0.874074074,0.462745098,45.346
65.16889224,220,1,16.73656774,0.785714286,0.37037037,82.347
-0.913544881,303,1,19.64157789,0.563197026,0.412244898,115.725
38.09408858,157,1,14.13855044,0.813471503,0.486068111,57.213
-68.32177036,336,-1,20.62188177,0.734065934,0.296362023,121.936
-9.831701248,226,1,16.96325845,0.624309392,0.396491228,100.615
-37.3757972,119,1,12.30916349,0.937007874,0.61025641,39.904
16.95304714,94,1,10.94004192,0.831858407,0.552941176,40.995
-1.480417655,182,1,15.22266722,0.758333333,0.652329749,78.327
-21.48643232,348,1,21.04964041,0.625899281,0.296170213,123.59
64.1781957,155,0,13.95727948,0.780612245,0.496753247,58.892
67.2339561,81,1,10.1554125,0.9,0.669421488,33.246
0.275019454,130,1,12.86550197,0.787878788,0.687830688,65.144
88.09108113,314,1,19.99492978,0.752997602,0.638211382,100.16
-60.07365892,225,1,16.92568751,0.809352518,0.324675325,85.25
19.18304262,227,1,17.00074636,0.782758621,0.404634581,90.062
54.89833808,186,1,15.3890401,0.723735409,0.287037037,80.296
12.84781296,216,1,16.58371917,0.640949555,0.397058824,98.589
57.91949369,328,1,20.43581588,0.607407407,0.205256571,131.431
-24.67461783,97,1,11.11324596,0.591463415,0.384920635,67.427
73.24471525,223,1,16.85029431,0.5575,0.252834467,112.656
18.59563331,87,1,10.52482021,0.956043956,0.743589744,32.295
